{
  "winner_count": {
    "A": 8,
    "tie": 5,
    "B": 2
  },
  "avg_scores": {
    "A": {
      "sql_reasoning": 1.4666666666666666,
      "sql_correctness": 1.4666666666666666,
      "sqlresult_usage": 1.4,
      "fidelity": 1.3333333333333333,
      "hallucination": 1.2666666666666666,
      "structure": 2.0
    },
    "B": {
      "sql_reasoning": 0.9333333333333333,
      "sql_correctness": 0.9333333333333333,
      "sqlresult_usage": 0.9333333333333333,
      "fidelity": 1.1333333333333333,
      "hallucination": 1.0666666666666667,
      "structure": 1.4
    }
  }
}