{
  "winner_count": {
    "tie": 59,
    "B": 1
  },
  "avg_scores": {
    "A": {
      "format": 1.9666666666666666,
      "style_professional": 1.9,
      "term_accuracy": 2.033333333333333,
      "hallucination": 4.883333333333334,
      "fidelity_to_context": 1.6833333333333333,
      "structure_completeness": 1.9666666666666666
    },
    "B": {
      "format": 1.9666666666666666,
      "style_professional": 1.9,
      "term_accuracy": 2.033333333333333,
      "hallucination": 4.9,
      "fidelity_to_context": 1.6833333333333333,
      "structure_completeness": 1.9666666666666666
    }
  },
  "error_clusters": {
    "存在幻觉或扩写": [
      5,
      12,
      13,
      16,
      18,
      19,
      20,
      1,
      3,
      5,
      6,
      7,
      8,
      12,
      13,
      14,
      17,
      18,
      19,
      20,
      2,
      5,
      10,
      12,
      13,
      15,
      17,
      18,
      19,
      20
    ],
    "格式不规范": [
      1,
      2,
      5,
      10,
      13,
      15,
      18,
      19,
      20
    ],
    "语言不够专业": [
      1,
      2,
      5,
      10,
      13,
      15,
      18,
      19,
      20
    ],
    "术语使用不准确": [
      1,
      2,
      5,
      10,
      13,
      15,
      18,
      20
    ],
    "结构不完整": [
      1,
      2,
      5,
      10,
      13,
      15,
      18,
      19,
      20
    ],
    "不忠实材料": [
      2,
      5,
      10,
      12,
      13,
      15,
      17,
      18,
      19,
      20
    ]
  }
}