{
  "winner_count": {
    "tie": 144,
    "B": 4
  },
  "avg_scores": {
    "A": {
      "format": 2.675675675675676,
      "style_professional": 2.439189189189189,
      "term_accuracy": 2.810810810810811,
      "hallucination": 7.02027027027027,
      "fidelity_to_context": 2.635135135135135,
      "structure_completeness": 2.722972972972973
    },
    "B": {
      "format": 2.675675675675676,
      "style_professional": 2.439189189189189,
      "term_accuracy": 2.810810810810811,
      "hallucination": 7.074324324324325,
      "fidelity_to_context": 2.635135135135135,
      "structure_completeness": 2.722972972972973
    }
  },
  "error_clusters": {
    "存在幻觉或扩写": [
      3,
      16,
      20,
      26,
      27,
      31,
      967,
      972,
      976,
      979,
      987,
      2,
      4,
      958,
      959,
      968,
      974,
      975,
      976,
      984,
      985,
      997,
      1,
      10
    ],
    "格式不规范": [
      958,
      961,
      974,
      975,
      985,
      1,
      3,
      4,
      10
    ],
    "语言不够专业": [
      958,
      974,
      975,
      985,
      1,
      3,
      4,
      10
    ],
    "不忠实材料": [
      958,
      959,
      975,
      976,
      985,
      997,
      1,
      10
    ],
    "结构不完整": [
      958,
      961,
      974,
      975,
      982,
      985,
      1,
      3,
      4,
      10
    ],
    "术语使用不准确": [
      975,
      985,
      1,
      10
    ]
  }
}